,TIEMPO,ANGULO
0,0.1204214,360.0843065883111
1,0.36126415,360.1601932498439
2,0.6021069,360.23607869633224
3,0.8429496999999999,360.40468898347365
4,1.08379245,360.48057183891774
5,1.3246352,360.55645337075464
6,1.565478,360.7250597782585
7,1.8063207499999998,360.8009386777751
8,2.0471635,360.87681595908106
